1,Suzuki
2,Bentley
3,Buick
4,Volkswagen
5,Ford
6,Mazda
7,GMC
8,Audi
9,Chevrolet
10,Jeep
11,Mercury
12,Chevrolet
13,Porsche
14,Hyundai
15,Volkswagen
16,Toyota
17,Ford
18,Ford
19,Toyota
20,Nissan
21,Honda
22,Audi
23,Toyota
24,Mercedes-Benz
25,Ford
26,Lotus
27,Isuzu
28,Pontiac
29,Jeep
30,Isuzu
31,Ford
32,Chevrolet
33,Chevrolet
34,Rolls-Royce
35,Eagle
36,Mazda
37,Chevrolet
38,Chevrolet
39,Buick
40,Land Rover
41,Lincoln
42,Ford
43,Chrysler
44,Audi
45,BMW
46,Acura
47,BMW
48,Nissan
49,Lincoln
50,Buick
51,Audi
52,Audi
53,Ford
54,Dodge
55,Jeep
56,Volkswagen
57,Mitsubishi
58,Toyota
59,Honda
60,Lexus
61,GMC
62,Honda
63,Honda
64,Mitsubishi
65,Chrysler
66,Ford
67,Buick
68,Pontiac
69,Hyundai
70,Kia
71,Land Rover
72,Dodge
73,Isuzu
74,Ford
75,Jaguar
76,Nissan
77,Ford
78,Chevrolet
79,Cadillac
80,Chevrolet
81,Toyota
82,Chevrolet
83,Infiniti
84,Honda
85,Lincoln
86,Mercury
87,Pontiac
88,Ford
89,Honda
90,Chevrolet
91,Ford
92,GMC
93,Acura
94,GMC
95,Chrysler
96,Honda
97,Toyota
98,Ram
99,BMW
100,Mitsubishi
101,Toyota
102,Mazda
103,Ford
104,Volkswagen
105,Jaguar
106,Volkswagen
107,GMC
108,Mitsubishi
109,Pontiac
110,Toyota
111,Honda
112,Bentley
113,Porsche
114,Mitsubishi
115,Ford
116,Toyota
117,Dodge
118,Volvo
119,Lamborghini
120,Nissan
121,Bentley
122,Chevrolet
123,Mitsubishi
124,Acura
125,Lincoln
126,GMC
127,GMC
128,Toyota
129,Mitsubishi
130,Mitsubishi
131,Ford
132,Hyundai
133,Infiniti
134,Nissan
135,GMC
136,Lincoln
137,GMC
138,Kia
139,Toyota
140,Buick
141,Lamborghini
142,Acura
143,Chrysler
144,Mercedes-Benz
145,Plymouth
146,GMC
147,Ford
148,Cadillac
149,Chevrolet
150,Toyota
151,Dodge
152,Mercedes-Benz
153,Ford
154,Ford
155,BMW
156,Chevrolet
157,Nissan
158,Buick
159,Mercedes-Benz
160,Ford
161,Chevrolet
162,Saab
163,Volkswagen
164,Jaguar
165,Saab
166,Hyundai
167,GMC
168,Saab
169,Chrysler
170,Jaguar
171,Saturn
172,Maybach
173,Chevrolet
174,MG
175,Aston Martin
176,Suzuki
177,Jaguar
178,Subaru
179,Nissan
180,Oldsmobile
181,Kia
182,Bentley
183,Lincoln
184,Nissan
185,Chevrolet
186,Chevrolet
187,Isuzu
188,Ford
189,Land Rover
190,Subaru
191,Honda
192,Mitsubishi
193,Infiniti
194,Land Rover
195,Saab
196,Tesla
197,Subaru
198,Pontiac
199,Volkswagen
200,Scion
201,Lexus
202,Chevrolet
203,Hyundai
204,Subaru
205,Pontiac
206,Volkswagen
207,Mercedes-Benz
208,MINI
209,Suzuki
210,Dodge
211,Ford
212,Toyota
213,Nissan
214,Chevrolet
215,Mazda
216,Pontiac
217,Subaru
218,Cadillac
219,GMC
220,Chevrolet
221,Scion
222,Mitsubishi
223,Lincoln
224,Ford
225,Pontiac
226,Chevrolet
227,Dodge
228,Chevrolet
229,Lincoln
230,Toyota
231,Volkswagen
232,Acura
233,Spyker
234,Ford
235,Land Rover
236,Chevrolet
237,Chevrolet
238,Ford
239,Plymouth
240,Cadillac
241,Buick
242,Mitsubishi
243,Chevrolet
244,Pontiac
245,Hyundai
246,Fillmore
247,Ford
248,Acura
249,Maserati
250,Honda
251,Honda
252,Nissan
253,Ford
254,Pontiac
255,Mercury
256,Dodge
257,Honda
258,Ford
259,Mercedes-Benz
260,Plymouth
261,Honda
262,Chevrolet
263,GMC
264,Ford
265,Suzuki
266,Honda
267,Nissan
268,Saab
269,Mercedes-Benz
270,Toyota
271,Acura
272,Honda
273,Isuzu
274,Saturn
275,Audi
276,Chrysler
277,Audi
278,Ford
279,Plymouth
280,Dodge
281,Infiniti
282,Scion
283,Pontiac
284,Nissan
285,Kia
286,Isuzu
287,Pontiac
288,Honda
289,Ford
290,Lincoln
291,Nissan
292,Ford
293,Saab
294,Chrysler
295,Kia
296,Honda
297,Hyundai
298,Lotus
299,Mercedes-Benz
300,Mazda
301,Lincoln
302,Toyota
303,Volkswagen
304,Mazda
305,Nissan
306,Acura
307,Ferrari
308,Buick
309,Chevrolet
310,Chevrolet
311,Dodge
312,Honda
313,Chevrolet
314,GMC
315,Nissan
316,Bentley
317,Mitsubishi
318,Subaru
319,Volvo
320,Dodge
321,Acura
322,Oldsmobile
323,Chevrolet
324,Ford
325,Lamborghini
326,Mercury
327,Nissan
328,GMC
329,Ford
330,Nissan
331,Pontiac
332,Mazda
333,Chrysler
334,Chevrolet
335,Hyundai
336,Land Rover
337,Chevrolet
338,Volkswagen
339,Nissan
340,Chevrolet
341,Suzuki
342,Lincoln
343,Honda
344,GMC
345,Mazda
346,Pontiac
347,Audi
348,Ford
349,GMC
350,GMC
351,Infiniti
352,Chevrolet
353,Lexus
354,Dodge
355,Volkswagen
356,Isuzu
357,Buick
358,Honda
359,Dodge
360,Mitsubishi
361,Mercedes-Benz
362,Mazda
363,Kia
364,Infiniti
365,Lexus
366,Volvo
367,Toyota
368,Chevrolet
369,Pontiac
370,Subaru
371,Ford
372,Infiniti
373,Chrysler
374,Nissan
375,Lotus
376,Subaru
377,Chevrolet
378,Audi
379,GMC
380,BMW
381,Dodge
382,Ford
383,Volkswagen
384,Chevrolet
385,Toyota
386,Dodge
387,Lincoln
388,Nissan
389,Infiniti
390,Ford
391,Isuzu
392,Nissan
393,Dodge
394,Nissan
395,GMC
396,Porsche
397,Porsche
398,Toyota
399,GMC
400,Buick
401,Volvo
402,Plymouth
403,Chevrolet
404,GMC
405,Cadillac
406,Land Rover
407,Chevrolet
408,Mazda
409,Jaguar
410,Volkswagen
411,Mazda
412,Mitsubishi
413,Subaru
414,Mercedes-Benz
415,Honda
416,Ford
417,Mercedes-Benz
418,Bentley
419,Ford
420,Mitsubishi
421,Ford
422,Infiniti
423,Ford
424,Volvo
425,Aston Martin
426,Subaru
427,Chrysler
428,Honda
429,Suzuki
430,Pontiac
431,Porsche
432,Hummer
433,Honda
434,Buick
435,Lincoln
436,Mercedes-Benz
437,Volvo
438,GMC
439,Pontiac
440,Buick
441,GMC
442,Porsche
443,Honda
444,Jeep
445,Dodge
446,Ford
447,Pontiac
448,Nissan
449,Nissan
450,GMC
451,Honda
452,Mazda
453,Porsche
454,Toyota
455,Chevrolet
456,Infiniti
457,Chevrolet
458,Volkswagen
459,GMC
460,Mercedes-Benz
461,Maybach
462,Oldsmobile
463,Toyota
464,Pontiac
465,Toyota
466,GMC
467,GMC
468,Saab
469,Ford
470,Land Rover
471,Audi
472,Mitsubishi
473,Volkswagen
474,Pontiac
475,Chrysler
476,Oldsmobile
477,Buick
478,Volkswagen
479,Volvo
480,Ford
481,GMC
482,Spyker
483,Plymouth
484,Volkswagen
485,Subaru
486,Kia
487,Buick
488,Chevrolet
489,Hyundai
490,Lincoln
491,GMC
492,Pontiac
493,Chevrolet
494,BMW
495,Infiniti
496,Lexus
497,GMC
498,Mercury
499,Chrysler
500,Chevrolet
501,Isuzu
502,Mercedes-Benz
503,Honda
504,Infiniti
505,Lincoln
506,Suzuki
507,Subaru
508,Hyundai
509,Nissan
510,Mercedes-Benz
511,Cadillac
512,Porsche
513,Subaru
514,Infiniti
515,Nissan
516,Ford
517,Ford
518,Chevrolet
519,Mazda
520,Pontiac
521,Chrysler
522,Dodge
523,Mercury
524,Acura
525,GMC
526,Saturn
527,GMC
528,Mercury
529,Buick
530,Rolls-Royce
531,Buick
532,Mercedes-Benz
533,Ford
534,Dodge
535,BMW
536,Lexus
537,Holden
538,Toyota
539,Mercedes-Benz
540,Infiniti
541,Chrysler
542,Audi
543,Toyota
544,Mitsubishi
545,Ford
546,Chevrolet
547,Acura
548,Nissan
549,BMW
550,Hyundai
551,Aston Martin
552,Subaru
553,GMC
554,Mitsubishi
555,BMW
556,Dodge
557,Jeep
558,Dodge
559,Ford
560,Mercedes-Benz
561,Plymouth
562,Buick
563,Chevrolet
564,Mazda
565,Infiniti
566,Mazda
567,Infiniti
568,Chevrolet
569,Mitsubishi
570,Isuzu
571,Mazda
572,Lexus
573,Pontiac
574,Land Rover
575,Volkswagen
576,Audi
577,Volkswagen
578,Cadillac
579,Nissan
580,Lincoln
581,Volkswagen
582,Chevrolet
583,Hyundai
584,Lamborghini
585,Chevrolet
586,Aston Martin
587,Lincoln
588,Audi
589,Eagle
590,Toyota
591,Honda
592,Maserati
593,Lexus
594,Volvo
595,Subaru
596,BMW
597,Mitsubishi
598,Chevrolet
599,Chevrolet
600,Porsche
601,Volkswagen
602,Suzuki
603,Suzuki
604,Suzuki
605,Ford
606,Suzuki
607,Volvo
608,Hummer
609,BMW
610,Toyota
611,Dodge
612,Infiniti
613,Infiniti
614,Suzuki
615,Dodge
616,Mazda
617,BMW
618,GMC
619,Bentley
620,Chevrolet
621,Ford
622,Volkswagen
623,Chevrolet
624,Mitsubishi
625,Audi
626,Hyundai
627,Mercedes-Benz
628,Lincoln
629,BMW
630,Audi
631,Saab
632,Mercedes-Benz
633,Suzuki
634,Ford
635,Porsche
636,Volvo
637,Honda
638,GMC
639,Lexus
640,Chevrolet
641,GMC
642,Mercury
643,Nissan
644,Porsche
645,Chevrolet
646,Lincoln
647,Volkswagen
648,Audi
649,Geo
650,Pontiac
651,Ford
652,Pontiac
653,Dodge
654,Mercedes-Benz
655,Chevrolet
656,Ford
657,Infiniti
658,Porsche
659,Infiniti
660,Mazda
661,Dodge
662,Honda
663,Isuzu
664,Porsche
665,Cadillac
666,Chevrolet
667,Cadillac
668,GMC
669,Lincoln
670,Chevrolet
671,Mazda
672,Hyundai
673,GMC
674,Land Rover
675,Infiniti
676,Chevrolet
677,Toyota
678,Toyota
679,Cadillac
680,Chrysler
681,Buick
682,Lotus
683,Suzuki
684,Chrysler
685,Toyota
686,Chevrolet
687,Volvo
688,Land Rover
689,Chrysler
690,Scion
691,Mitsubishi
692,Volvo
693,Land Rover
694,Chevrolet
695,Ford
696,Toyota
697,Subaru
698,Lamborghini
699,Honda
700,Dodge
701,BMW
702,Mazda
703,GMC
704,Volvo
705,Lexus
706,Hummer
707,Pontiac
708,Ford
709,Ford
710,Dodge
711,Mazda
712,Saab
713,Suzuki
714,Lamborghini
715,Hyundai
716,Kia
717,Chevrolet
718,Infiniti
719,Toyota
720,Mercury
721,Toyota
722,Volkswagen
723,Infiniti
724,Subaru
725,Saturn
726,GMC
727,Lotus
728,Pontiac
729,Ford
730,GMC
731,Chrysler
732,Buick
733,Mitsubishi
734,Acura
735,BMW
736,Pontiac
737,Mercedes-Benz
738,Dodge
739,Nissan
740,Isuzu
741,Buick
742,Ford
743,Mitsubishi
744,Audi
745,Mercedes-Benz
746,Buick
747,Chevrolet
748,Ford
749,GMC
750,Ford
751,Lamborghini
752,Chevrolet
753,Mercedes-Benz
754,Chevrolet
755,Suzuki
756,Dodge
757,Maybach
758,Suzuki
759,Subaru
760,Mitsubishi
761,Ford
762,Infiniti
763,Chevrolet
764,MINI
765,Saab
766,Audi
767,Hyundai
768,GMC
769,Buick
770,Ford
771,Lexus
772,GMC
773,Dodge
774,Mazda
775,Chevrolet
776,Kia
777,Mercury
778,Mercedes-Benz
779,Ford
780,Ford
781,Ford
782,Mitsubishi
783,Dodge
784,Mercedes-Benz
785,Chrysler
786,Audi
787,Toyota
788,BMW
789,Chevrolet
790,Toyota
791,Kia
792,Ford
793,Mitsubishi
794,Ford
795,Hyundai
796,Volvo
797,Audi
798,Volkswagen
799,Nissan
800,Chevrolet
801,Mercury
802,Mitsubishi
803,Volkswagen
804,Nissan
805,Mercury
806,Mazda
807,Ford
808,Pontiac
809,Buick
810,Pontiac
811,BMW
812,Mazda
813,Lincoln
814,Ford
815,Mitsubishi
816,GMC
817,Volvo
818,Land Rover
819,Kia
820,Mitsubishi
821,Lamborghini
822,Toyota
823,Pontiac
824,Nissan
825,Dodge
826,Lincoln
827,Dodge
828,Chevrolet
829,Nissan
830,Audi
831,Toyota
832,Chevrolet
833,Lexus
834,Lexus
835,Pontiac
836,Mercedes-Benz
837,Lamborghini
838,Mercury
839,Chevrolet
840,Lincoln
841,Chevrolet
842,Mercedes-Benz
843,Chrysler
844,Chrysler
845,Alfa Romeo
846,Hummer
847,Ford
848,GMC
849,Ford
850,Oldsmobile
851,GMC
852,Chevrolet
853,Ford
854,Chevrolet
855,Oldsmobile
856,Mercury
857,Scion
858,Chevrolet
859,Mazda
860,Ford
861,Chevrolet
862,Suzuki
863,Mercedes-Benz
864,Mazda
865,Ford
866,Pontiac
867,Pontiac
868,Lexus
869,Shelby
870,Hyundai
871,Lotus
872,Lexus
873,Lexus
874,Cadillac
875,Lexus
876,GMC
877,Pontiac
878,Isuzu
879,Honda
880,Mercury
881,Nissan
882,Lexus
883,Mitsubishi
884,Acura
885,Land Rover
886,Lincoln
887,Audi
888,Volvo
889,Ferrari
890,Mazda
891,Ford
892,Chevrolet
893,Audi
894,Dodge
895,Land Rover
896,Acura
897,Volvo
898,Hyundai
899,Mercedes-Benz
900,BMW
901,Alfa Romeo
902,Hyundai
903,Dodge
904,Acura
905,Dodge
906,GMC
907,Kia
908,Mitsubishi
909,Ferrari
910,Mercedes-Benz
911,Hyundai
912,Volkswagen
913,Toyota
914,Audi
915,BMW
916,Nissan
917,Dodge
918,Toyota
919,Audi
920,GMC
921,Ford
922,Infiniti
923,Chevrolet
924,Mercury
925,Mazda
926,Chrysler
927,Ford
928,Bentley
929,Mercedes-Benz
930,Toyota
931,Ford
932,Saab
933,BMW
934,Toyota
935,Subaru
936,Buick
937,Chevrolet
938,Suzuki
939,Ford
940,Dodge
941,Volkswagen
942,Lexus
943,Saturn
944,Mitsubishi
945,Volvo
946,Dodge
947,Mazda
948,Chrysler
949,Pontiac
950,BMW
951,Chrysler
952,Volvo
953,Aston Martin
954,BMW
955,Rolls-Royce
956,Dodge
957,Lincoln
958,Austin
959,Volkswagen
960,Chevrolet
961,Chevrolet
962,Kia
963,Dodge
964,Saturn
965,Toyota
966,Mercedes-Benz
967,Pontiac
968,Lincoln
969,Mazda
970,Ford
971,Nissan
972,Hummer
973,Volvo
974,Toyota
975,Chevrolet
976,Dodge
977,Saturn
978,GMC
979,Maserati
980,Mitsubishi
981,Nissan
982,Dodge
983,Suzuki
984,Mazda
985,Mercury
986,Oldsmobile
987,Isuzu
988,Lincoln
989,Ford
990,Toyota
991,Hyundai
992,Subaru
993,Saab
994,Infiniti
995,Nissan
996,Porsche
997,Volkswagen
998,Mitsubishi
999,Mitsubishi
1000,Pontiac
1001,prueba
1002,prueba
1003,prueba
1004,prueba
1005,prueba
1006,prueba
1007,prueba
1008,prueba
1009,Marca-1008
1010,Marca-1009
1011,Marca-1011
1012,Marca-1012
1013,Marca-1013
1014,Marca-1014
1015,Marca-1015
1016,Marca-1016
1017,Marca-1017
1018,Marca-1018
1019,Marca-1019
1020,Marca-1020
1021,Marca-1021
1022,Marca-1022
1023,Marca-1023
1024,Marca-1024
1025,Marca-1025
1026,Marca-1026
1027,Marca-1027
1028,Marca-1028
1029,Marca-1029
1030,Marca-1030
1031,Marca-1031
1032,Marca-1032
1033,Marca-1033
1034,Marca-1034
1035,Marca-1035
1036,Marca-1036
1037,Marca-1037
1038,Marca-1038
1039,Marca-1039
1040,Marca-1040
1041,Marca-1041
1042,Marca-1042
1043,Marca-1043
1044,Marca-1044
1045,Marca-1045
1046,Marca-1046
1047,Marca-1047
1048,Marca-1048
1049,Marca-1049
1050,Marca-1050
1051,Marca-1051
1052,Marca-1052
1053,Marca-1053
1054,Marca-1054
1055,Marca-1055
1056,Marca-1056
1057,Marca-1057
1058,Marca-1058
1059,Marca-1059
1060,Marca-1060
1061,Marca-1061
1062,Marca-1062
1063,Marca-1063
1064,Marca-1064
1065,Marca-1065
1066,Marca-1066
1067,Marca-1067
1068,Marca-1068
1069,Marca-1069
1070,Marca-1070
1071,Marca-1071
1072,Marca-1072
1073,Marca-1073
1074,Marca-1074
1075,Marca-1075
1076,Marca-1076
1077,Marca-1077
1078,Marca-1078
1079,Marca-1079
1080,Marca-1080
1081,Marca-1081
1082,Marca-1082
1083,Marca-1083
1084,Marca-1084
1085,Marca-1085
1086,Marca-1086
1087,Marca-1087
1088,Marca-1088
1089,Marca-1089
1090,Marca-1090
1091,Marca-1091
1092,Marca-1092
1093,Marca-1093
1094,Marca-1094
1095,Marca-1095
1096,Marca-1096
1097,Marca-1097
1098,Marca-1098
1099,Marca-1099
1100,Marca-1100
1101,Marca-1101
1102,Marca-1102
1103,Marca-1103
1104,Marca-1104
1105,Marca-1105
1106,Marca-1106
1107,Marca-1107
1108,Marca-1108
1109,Marca-1109
1110,Marca-1110
1111,Marca-1111
1112,Marca-1112
1113,Marca-1113
1114,Marca-1114
1115,Marca-1115
1116,Marca-1116
1117,Marca-1117
1118,Marca-1118
1119,Marca-1119
1120,Marca-1120
1121,Marca-1121
1122,Marca-1122
1123,Marca-1123
1124,Marca-1124
1125,Marca-1125
1126,Marca-1126
1127,Marca-1127
1128,Marca-1128
1129,Marca-1129
1130,Marca-1130
1131,Marca-1131
1132,Marca-1132
1133,Marca-1133
1134,Marca-1134
1135,Marca-1135
1136,Marca-1136
1137,Marca-1137
1138,Marca-1138
1139,Marca-1139
1140,Marca-1140
1141,Marca-1141
1142,Marca-1142
1143,Marca-1143
1144,Marca-1144
1145,Marca-1145
1146,Marca-1146
1147,Marca-1147
1148,Marca-1148
1149,Marca-1149
1150,Marca-1150
1151,Marca-1151
1152,Marca-1152
1153,Marca-1153
1154,Marca-1154
1155,Marca-1155
1156,Marca-1156
1157,Marca-1157
1158,Marca-1158
1159,Marca-1159
1160,Marca-1160
1161,Marca-1161
1162,Marca-1162
1163,Marca-1163
1164,Marca-1164
1165,Marca-1165
1166,Marca-1166
1167,Marca-1167
1168,Marca-1168
1169,Marca-1169
1170,Marca-1170
1171,Marca-1171
1172,Marca-1172
1173,Marca-1173
1174,Marca-1174
1175,Marca-1175
1176,Marca-1176
1177,Marca-1177
1178,Marca-1178
1179,Marca-1179
1180,Marca-1180
1181,Marca-1181
1182,Marca-1182
1183,Marca-1183
1184,Marca-1184
1185,Marca-1185
1186,Marca-1186
1187,Marca-1187
1188,Marca-1188
1189,Marca-1189
1190,Marca-1190
1191,Marca-1191
1192,Marca-1192
1193,Marca-1193
1194,Marca-1194
1195,Marca-1195
1196,Marca-1196
1197,Marca-1197
1198,Marca-1198
1199,Marca-1199
1200,Marca-1200
1201,Marca-1201
1202,Marca-1202
1203,Marca-1203
1204,Marca-1204
1205,Marca-1205
1206,Marca-1206
1207,Marca-1207
1208,Marca-1208
1209,Marca-1209
1210,Marca-1210
1211,Marca-1211
1212,Marca-1212
1213,Marca-1213
1214,Marca-1214
1215,Marca-1215
1216,Marca-1216
1217,Marca-1217
1218,Marca-1218
1219,Marca-1219
1220,Marca-1220
1221,Marca-1221
1222,Marca-1222
1223,Marca-1223
1224,Marca-1224
1225,Marca-1225
1226,Marca-1226
1227,Marca-1227
1228,Marca-1228
1229,Marca-1229
1230,Marca-1230
1231,Marca-1231
1232,Marca-1232
1233,Marca-1233
1234,Marca-1234
1235,Marca-1235
1236,Marca-1236
1237,Marca-1237
1238,Marca-1238
1239,Marca-1239
1240,Marca-1240
1241,Marca-1241
1242,Marca-1242
1243,Marca-1243
1244,Marca-1244
1245,Marca-1245
1246,Marca-1246
1247,Marca-1247
1248,Marca-1248
1249,Marca-1249
1250,Marca-1250
1251,Marca-1251
1252,Marca-1252
1253,Marca-1253
1254,Marca-1254
1255,Marca-1255
1256,Marca-1256
1257,Marca-1257
1258,Marca-1258
1259,Marca-1259
1260,Marca-1260
1261,Marca-1261
1262,Marca-1262
1263,Marca-1263
1264,Marca-1264
1265,Marca-1265
1266,Marca-1266
1267,Marca-1267
1268,Marca-1268
1269,Marca-1269
1270,Marca-1270
1271,Marca-1271
1272,Marca-1272
1273,Marca-1273
1274,Marca-1274
1275,Marca-1275
1276,Marca-1276
1277,Marca-1277
1278,Marca-1278
1279,Marca-1279
1280,Marca-1280
1281,Marca-1281
1282,Marca-1282
1283,Marca-1283
1284,Marca-1284
1285,Marca-1285
1286,Marca-1286
1287,Marca-1287
1288,Marca-1288
1289,Marca-1289
1290,Marca-1290
1291,Marca-1291
1292,Marca-1292
1293,Marca-1293
1294,Marca-1294
1295,Marca-1295
1296,Marca-1296
1297,Marca-1297
1298,Marca-1298
1299,Marca-1299
1300,Marca-1300
1301,Marca-1301
1302,Marca-1302
1303,Marca-1303
1304,Marca-1304
1305,Marca-1305
1306,Marca-1306
1307,Marca-1307
1308,Marca-1308
1309,Marca-1309
1310,Marca-1310
1311,Marca-1311
1312,Marca-1312
1313,Marca-1313
1314,Marca-1314
1315,Marca-1315
1316,Marca-1316
1317,Marca-1317
1318,Marca-1318
1319,Marca-1319
1320,Marca-1320
1321,Marca-1321
1322,Marca-1322
1323,Marca-1323
1324,Marca-1324
1325,Marca-1325
1326,Marca-1326
1327,Marca-1327
1328,Marca-1328
1329,Marca-1329
1330,Marca-1330
1331,Marca-1331
1332,Marca-1332
1333,Marca-1333
1334,Marca-1334
1335,Marca-1335
1336,Marca-1336
1337,Marca-1337
1338,Marca-1338
1339,Marca-1339
1340,Marca-1340
1341,Marca-1341
1342,Marca-1342
1343,Marca-1343
1344,Marca-1344
1345,Marca-1345
1346,Marca-1346
1347,Marca-1347
1348,Marca-1348
1349,Marca-1349
1350,Marca-1350
1351,Marca-1351
1352,Marca-1352
1353,Marca-1353
1354,Marca-1354
1355,Marca-1355
1356,Marca-1356
1357,Marca-1357
1358,Marca-1358
1359,Marca-1359
1360,Marca-1360
1361,Marca-1361
1362,Marca-1362
1363,Marca-1363
1364,Marca-1364
1365,Marca-1365
1366,Marca-1366
1367,Marca-1367
1368,Marca-1368
1369,Marca-1369
1370,Marca-1370
1371,Marca-1371
1372,Marca-1372
1373,Marca-1373
1374,Marca-1374
1375,Marca-1375
1376,Marca-1376
1377,Marca-1377
1378,Marca-1378
1379,Marca-1379
1380,Marca-1380
1381,Marca-1381
1382,Marca-1382
1383,Marca-1383
1384,Marca-1384
1385,Marca-1385
1386,Marca-1386
1387,Marca-1387
1388,Marca-1388
1389,Marca-1389
1390,Marca-1390
1391,Marca-1391
1392,Marca-1392
1393,Marca-1393
1394,Marca-1394
1395,Marca-1395
1396,Marca-1396
1397,Marca-1397
1398,Marca-1398
1399,Marca-1399
1400,Marca-1400
1401,Marca-1401
1402,Marca-1402
1403,Marca-1403
1404,Marca-1404
1405,Marca-1405
1406,Marca-1406
1407,Marca-1407
1408,Marca-1408
1409,Marca-1409
1410,Marca-1410
1411,Marca-1411
1412,Marca-1412
1413,Marca-1413
1414,Marca-1414
1415,Marca-1415
1416,Marca-1416
1417,Marca-1417
1418,Marca-1418
1419,Marca-1419
1420,Marca-1420
1421,Marca-1421
1422,Marca-1422
1423,Marca-1423
1424,Marca-1424
1425,Marca-1425
1426,Marca-1426
1427,Marca-1427
1428,Marca-1428
1429,Marca-1429
1430,Marca-1430
1431,Marca-1431
1432,Marca-1432
1433,Marca-1433
1434,Marca-1434
1435,Marca-1435
1436,Marca-1436
1437,Marca-1437
1438,Marca-1438
1439,Marca-1439
1440,Marca-1440
1441,Marca-1441
1442,Marca-1442
1443,Marca-1443
1444,Marca-1444
1445,Marca-1445
1446,Marca-1446
1447,Marca-1447
1448,Marca-1448
1449,Marca-1449
1450,Marca-1450
1451,Marca-1451
1452,Marca-1452
1453,Marca-1453
1454,Marca-1454
1455,Marca-1455
1456,Marca-1456
1457,Marca-1457
1458,Marca-1458
1459,Marca-1459
1460,Marca-1460
1461,Marca-1461
1462,Marca-1462
1463,Marca-1463
1464,Marca-1464
1465,Marca-1465
1466,Marca-1466
1467,Marca-1467
1468,Marca-1468
1469,Marca-1469
1470,Marca-1470
1471,Marca-1471
1472,Marca-1472
1473,Marca-1473
1474,Marca-1474
1475,Marca-1475
1476,Marca-1476
1477,Marca-1477
1478,Marca-1478
1479,Marca-1479
1480,Marca-1480
1481,Marca-1481
1482,Marca-1482
1483,Marca-1483
1484,Marca-1484
1485,Marca-1485
1486,Marca-1486
1487,Marca-1487
1488,Marca-1488
1489,Marca-1489
1490,Marca-1490
1491,Marca-1491
1492,Marca-1492
1493,Marca-1493
